url,texto,precio_texto,area_m2,habitaciones,banos,parqueaderos,tipo,sector,ciudad
https://www.metrocuadrado.com/inmueble/arriendo-oficina-bogota-santa-barbara-5-banos-4-garajes/2556-M6857420?src_url=%2Farriendo%2F%3Fsearch%3Dform,"Destacado Santa Barbara | Bogotá D.C. $25.000.000 Oficina en Arriendo, Santa Barbara, Bogotá D.C.",$25.000.000,492,,5,4,,Santa Barbara,Bogotá D.C. Foto de Oficina en Arriendo en Santa Barbara
https://www.metrocuadrado.com/inmueble/arriendo-oficina-bogota-chapinero-occidental-1-banos-2-garajes/2411-M7021305?src_url=%2Farriendo%2F%3Fsearch%3Dform,"Destacado Chapinero Occidental | Bogotá D.C. $2.000.000 Oficina en Arriendo, Chapinero Occidental, Bogotá D.C.",$2.000.000,66,,1,2,,Chapinero Occidental,Bogotá D.C. Foto de Oficina en Arriendo en Chapinero Occidental
https://www.metrocuadrado.com/inmueble/arriendo-apartamento-envigado-loma-de-las-brujas-2-habitaciones-5-banos/2895-M5248880?src_url=%2Farriendo%2F%3Fsearch%3Dform,"Destacado El Escobero | Envigado $7.000.000 Apartamento en Arriendo, El Escobero, Envigado",$7.000.000,93,2,5,,Apartamento en Arriendo,El Escobero,Envigado Foto de Apartamento en Arriendo en El Escobero
https://www.metrocuadrado.com/inmueble/arriendo-bodega-bogota-normandia-occidental-2-banos-2-garajes/MC6149015?src_url=%2Farriendo%2F%3Fsearch%3Dform,"NORMANDIA Zona Urbana | Occidental | Bogotá D.C. $7.000.000 Bodega en Arriendo, NORMANDIA Zona Urbana, Bogotá D.C.",$7.000.000,130,,2,2,,NORMANDIA Zona Urbana,Bogotá D.C. Foto de Bodega en Arriendo en NORMANDIA Zona Urbana
https://www.metrocuadrado.com/inmueble/arriendo-oficina-bogota-ciudad-salitre-nor-oriental-1-banos-2-garajes/MC6686011?src_url=%2Farriendo%2F%3Fsearch%3Dform,"CIUDAD SALITRE Zona Urbana | Occidental | Bogotá D.C. $4.700.000 Oficina en Arriendo, CIUDAD SALITRE Zona Urbana, Bogotá D.C.",$4.700.000,42,,1,2,,CIUDAD SALITRE Zona Urbana,Bogotá D.C. Foto de Oficina en Arriendo en CIUDAD SALITRE Zona Urbana
https://www.metrocuadrado.com/inmueble/arriendo-apartamento-bogota-palermo-1-habitaciones-1-banos/MC6794492?src_url=%2Farriendo%2F%3Fsearch%3Dform,"PALERMO La Soledad | Chapinero | Bogotá D.C. $1.900.000 Apartamento en Arriendo, PALERMO La Soledad, Bogotá D.C.",$1.900.000,36,1,1,,Apartamento en Arriendo,PALERMO La Soledad,Bogotá D.C. Foto de Apartamento en Arriendo en PALERMO La Soledad
https://www.metrocuadrado.com/inmueble/arriendo-apartaestudio-armenia-castellana-1-habitaciones-2-banos-1-garajes/17744-M6931077?src_url=%2Farriendo%2F%3Fsearch%3Dform,"Castellana | Armenia $1.800.000 Apartaestudio en Arriendo, Castellana, Armenia",$1.800.000,42,1,2,1,Apartaestudio en Arriendo,Castellana,Armenia Foto de Apartaestudio en Arriendo en Castellana
https://www.metrocuadrado.com/inmueble/arriendo-apartamento-bogota-ciudad-salitre-sur-oriental-1-habitaciones-1-banos/MC6301899?src_url=%2Farriendo%2F%3Fsearch%3Dform,"CIUDAD SALITRE Zona Urbana | Occidental | Bogotá D.C. $2.970.000 Apartamento en Arriendo, CIUDAD SALITRE Zona Urbana, Bogotá D.C.",$2.970.000,42,1,1,,Apartamento en Arriendo,CIUDAD SALITRE Zona Urbana,Bogotá D.C. Foto de Apartamento en Arriendo en CIUDAD SALITRE Zona Urbana
https://www.metrocuadrado.com/inmueble/arriendo-apartamento-bogota-ciudad-salitre-sur-oriental-2-habitaciones-2-banos-1-garajes/MC6905475?src_url=%2Farriendo%2F%3Fsearch%3Dform,"CIUDAD SALITRE Zona Urbana | Occidental | Bogotá D.C. $4.600.000 Apartamento en Arriendo, CIUDAD SALITRE Zona Urbana, Bogotá D.C.",$4.600.000,80,2,2,1,Apartamento en Arriendo,CIUDAD SALITRE Zona Urbana,Bogotá D.C. Foto de Apartamento en Arriendo en CIUDAD SALITRE Zona Urbana
https://www.metrocuadrado.com/inmueble/arriendo-oficina-bogota-cedritos/532-M6671470?src_url=%2Farriendo%2F%3Fsearch%3Dform,"Destacado Cedritos | Bogotá D.C. Disponible ahora $4.138.500 Oficina en Arriendo, Cedritos, Bogotá D.C.",$4.138.500,30,,,,,Cedritos,Bogotá D.C. Foto de Oficina en Arriendo en Cedritos
https://www.metrocuadrado.com/inmueble/arriendo-oficina-bogota-santa-barbara/532-M6671451?src_url=%2Farriendo%2F%3Fsearch%3Dform,"Destacado Santa Barbara | Bogotá D.C. Disponible ahora $4.647.000 Oficina en Arriendo, Santa Barbara, Bogotá D.C.",$4.647.000,30,,,,,Santa Barbara,Bogotá D.C. Foto de Oficina en Arriendo en Santa Barbara
https://www.metrocuadrado.com/inmueble/arriendo-oficina-bogota-el-chico/532-M6671367?src_url=%2Farriendo%2F%3Fsearch%3Dform,"Destacado El Chico | Bogotá D.C. Disponible ahora $3.209.000 Oficina en Arriendo, El Chico, Bogotá D.C.",$3.209.000,15,,,,,El Chico,Bogotá D.C. Foto de Oficina en Arriendo en El Chico
https://www.metrocuadrado.com/inmueble/arriendo-oficina-barranquilla-centro/532-M6671401?src_url=%2Farriendo%2F%3Fsearch%3Dform,"Destacado Centro | Barranquilla Disponible ahora $2.958.000 Oficina en Arriendo, Centro, Barranquilla",$2.958.000,15,,,,,Centro,Barranquilla Foto de Oficina en Arriendo en Centro
https://www.metrocuadrado.com/inmueble/arriendo-oficina-bogota-centro-internacional/532-M6671434?src_url=%2Farriendo%2F%3Fsearch%3Dform,"Destacado Centro Internacional | Bogotá D.C. Disponible ahora $2.299.000 Oficina en Arriendo, Centro Internacional, Bogotá D.C.",$2.299.000,30,,,,,Centro Internacional,Bogotá D.C. Foto de Oficina en Arriendo en Centro Internacional
https://www.metrocuadrado.com/inmueble/arriendo-oficina-barranquilla-country/532-M6671414?src_url=%2Farriendo%2F%3Fsearch%3Dform,"Destacado Country | Barranquilla Disponible ahora $2.919.000 Oficina en Arriendo, Country, Barranquilla",$2.919.000,15,,,,,Country,Barranquilla Foto de Oficina en Arriendo en Country
https://www.metrocuadrado.com/inmueble/arriendo-oficina-bogota-chico/532-M6671357?src_url=%2Farriendo%2F%3Fsearch%3Dform,"Destacado Chico | Bogotá D.C. Disponible ahora $5.499.000 Oficina en Arriendo, Chico, Bogotá D.C.",$5.499.000,30,,,,,Chico,Bogotá D.C. Foto de Oficina en Arriendo en Chico
https://www.metrocuadrado.com/inmueble/arriendo-oficina-bogota-chico/532-M6671452?src_url=%2Farriendo%2F%3Fsearch%3Dform,"Destacado Chico | Bogotá D.C. Disponible ahora $3.929.000 Oficina en Arriendo, Chico, Bogotá D.C.",$3.929.000,15,,,,,Chico,Bogotá D.C. Foto de Oficina en Arriendo en Chico
https://www.metrocuadrado.com/inmueble/arriendo-apartamento-bogota-ciudad-salitre-sur-oriental-2-habitaciones-2-banos/MC6301898?src_url=%2Farriendo%2F%3Fsearch%3Dform,"CIUDAD SALITRE Zona Urbana | Occidental | Bogotá D.C. $3.736.000 Apartamento en Arriendo, CIUDAD SALITRE Zona Urbana, Bogotá D.C.",$3.736.000,60,2,2,,Apartamento en Arriendo,CIUDAD SALITRE Zona Urbana,Bogotá D.C. Foto de Apartamento en Arriendo en CIUDAD SALITRE Zona Urbana
https://www.metrocuadrado.com/inmueble/arriendo-apartamento-bogota-cerros-de-santa-barbara-4-habitaciones-5-banos-3-garajes/17016-M6880159?src_url=%2Farriendo%2F%3Fsearch%3Dform,"USAQUEN | Norte | Bogotá D.C. $18.000.000 Apartamento en Arriendo, USAQUEN, Bogotá D.C.",$18.000.000,293,4,5,3,Apartamento en Arriendo,USAQUEN,Bogotá D.C. Foto de Apartamento en Arriendo en USAQUEN
https://www.metrocuadrado.com/inmueble/arriendo-apartamento-bogota-chico-norte-3-habitaciones-3-banos-1-garajes/22225-M6789186?src_url=%2Farriendo%2F%3Fsearch%3Dform,"CHICO NORTE | Norte | Bogotá D.C. $9.500.000 Apartamento en Arriendo, CHICO NORTE, Bogotá D.C.",$9.500.000,192,3,3,1,Apartamento en Arriendo,CHICO NORTE,Bogotá D.C. Foto de Apartamento en Arriendo en CHICO NORTE
https://www.metrocuadrado.com/inmueble/arriendo-apartamento-bogota-chico-norte-3-habitaciones-3-banos-2-garajes/800-M6133746?src_url=%2Farriendo%2F%3Fsearch%3Dform,"CHICO NORTE | Norte | Bogotá D.C. $12.000.000 Apartamento en Arriendo, CHICO NORTE, Bogotá D.C.",$12.000.000,150,3,3,2,Apartamento en Arriendo,CHICO NORTE,Bogotá D.C. Foto de Apartamento en Arriendo en CHICO NORTE
https://www.metrocuadrado.com/inmueble/arriendo-apartamento-chia-cr-santa-ana-de-chia-2-habitaciones-4-banos-3-garajes/11792-M6806555?src_url=%2Farriendo%2F%3Fsearch%3Dform,"CONDOMINIO SANTA ANA DE CHIA II | Chía $8.500.000 Apartamento en Arriendo, CONDOMINIO SANTA ANA DE CHIA II, Chía",$8.500.000,184,2,4,3,Apartamento en Arriendo,CONDOMINIO SANTA ANA DE CHIA II,Chía Foto de Apartamento en Arriendo en CONDOMINIO SANTA ANA DE CHIA II
https://www.metrocuadrado.com/inmueble/arriendo-apartamento-bogota-chico-norte-3-habitaciones-3-banos-2-garajes/800-M6133851?src_url=%2Farriendo%2F%3Fsearch%3Dform,"CHICO NORTE | Norte | Bogotá D.C. $11.500.000 Apartamento en Arriendo, CHICO NORTE, Bogotá D.C.",$11.500.000,150,3,3,2,Apartamento en Arriendo,CHICO NORTE,Bogotá D.C. Foto de Apartamento en Arriendo en CHICO NORTE
https://www.metrocuadrado.com/inmueble/arriendo-apartamento-bogota-ciudad-la-salle-2-habitaciones-2-banos-1-garajes/23284-M6966537?src_url=%2Farriendo%2F%3Fsearch%3Dform,"Ciudad La Salle | Bogotá D.C. $2.850.000 Apartamento en Arriendo, Ciudad La Salle, Bogotá D.C.",$2.850.000,59,2,2,1,Apartamento en Arriendo,Ciudad La Salle,Bogotá D.C. Foto de Apartamento en Arriendo en Ciudad La Salle
https://www.metrocuadrado.com/inmueble/arriendo-casa-zipaquira-4-habitaciones-5-banos-4-garajes/12573-M7068210?src_url=%2Farriendo%2F%3Fsearch%3Dform,"ENTRELOMAS | Otros | Zipaquira $7.000.000 Casa en Arriendo, ENTRELOMAS, Zipaquira",$7.000.000,320,4,5,4,Casa en Arriendo,ENTRELOMAS,Zipaquira Foto de Casa en Arriendo en ENTRELOMAS
https://www.metrocuadrado.com/inmueble/arriendo-apartaestudio-bogota-chico-norte-et-ii-1-habitaciones-1-banos/22377-M6628937?src_url=%2Farriendo%2F%3Fsearch%3Dform,"CHICO NORTE | Norte | Bogotá D.C. Disponible ahora $3.000.000 Apartaestudio en Arriendo, CHICO NORTE, Bogotá D.C.",$3.000.000,30,1,1,,Apartaestudio en Arriendo,CHICO NORTE,Bogotá D.C. Foto de Apartaestudio en Arriendo en CHICO NORTE
https://www.metrocuadrado.com/inmueble/arriendo-apartamento-bogota-chico-3-habitaciones-4-banos-2-garajes/800-M5704562?src_url=%2Farriendo%2F%3Fsearch%3Dform,"CHICO VIRREY | Norte | Bogotá D.C. $10.000.000 Apartamento en Arriendo, CHICO VIRREY, Bogotá D.C.",$10.000.000,177,3,4,2,Apartamento en Arriendo,CHICO VIRREY,Bogotá D.C. Foto de Apartamento en Arriendo en CHICO VIRREY
https://www.metrocuadrado.com/inmueble/arriendo-apartamento-bogota-chico-norte-et-ii-3-habitaciones-4-banos-2-garajes/800-M6092681?src_url=%2Farriendo%2F%3Fsearch%3Dform,"CHICO NORTE II | Norte | Bogotá D.C. $14.300.000 Apartamento en Arriendo, CHICO NORTE II, Bogotá D.C.",$14.300.000,160,3,4,2,Apartamento en Arriendo,CHICO NORTE II,Bogotá D.C. Foto de Apartamento en Arriendo en CHICO NORTE II
https://www.metrocuadrado.com/inmueble/arriendo-apartamento-cali-bellavista-4-habitaciones-5-banos-2-garajes/16856-M6969238?src_url=%2Farriendo%2F%3Fsearch%3Dform,"SANTA TERESITA | Oeste | Cali $11.000.000 Apartamento en Arriendo, SANTA TERESITA, Cali",$11.000.000,200,4,5,2,Apartamento en Arriendo,SANTA TERESITA,Cali Foto de Apartamento en Arriendo en SANTA TERESITA
https://www.metrocuadrado.com/inmueble/arriendo-apartamento-bogota-chico-norte-et-ii-3-habitaciones-4-banos-2-garajes/800-M6882819?src_url=%2Farriendo%2F%3Fsearch%3Dform,"CHICO NORTE | Otros | Bogotá D.C. $16.000.000 Apartamento en Arriendo, CHICO NORTE, Bogotá D.C.",$16.000.000,176,3,4,2,Apartamento en Arriendo,CHICO NORTE,Bogotá D.C. Foto de Apartamento en Arriendo en CHICO NORTE
https://www.metrocuadrado.com/inmueble/arriendo-apartamento-bogota-la-cabrera-3-habitaciones-5-banos-3-garajes/800-M5703183?src_url=%2Farriendo%2F%3Fsearch%3Dform,"LA CABRERA | Norte | Bogotá D.C. $22.000.000 Apartamento en Arriendo, LA CABRERA, Bogotá D.C.",$22.000.000,280,3,5,3,Apartamento en Arriendo,LA CABRERA,Bogotá D.C. Foto de Apartamento en Arriendo en LA CABRERA
https://www.metrocuadrado.com/inmueble/arriendo-casa-cota-incluye-siberia-4-habitaciones-4-banos-3-garajes/21895-M6892594?src_url=%2Farriendo%2F%3Fsearch%3Dform,"Otros | Cota (Incluye Siberia) $6.800.000 Casa en Arriendo, Cota (Incluye Siberia)",$6.800.000,160,4,4,3,Casa en Arriendo,Cota (Incluye Siberia) Foto de Casa en Arriendo en Cota (Incluye Siberia) con 4 habitaciones,4 baños
https://www.metrocuadrado.com/inmueble/arriendo-apartamento-cali-parcelaciones-pance-3-habitaciones-4-banos-2-garajes/16856-M6501823?src_url=%2Farriendo%2F%3Fsearch%3Dform,"PANCE | Otros | Cali $5.000.000 Apartamento en Arriendo, PANCE, Cali",$5.000.000,117,3,4,2,Apartamento en Arriendo,PANCE,Cali Foto de Apartamento en Arriendo en PANCE
https://www.metrocuadrado.com/inmueble/arriendo-apartamento-bogota-los-alpes-3-habitaciones-4-banos-3-garajes/800-M6092598?src_url=%2Farriendo%2F%3Fsearch%3Dform,"SANTA BARBARA ALTA | Norte | Bogotá D.C. $14.000.000 Apartamento en Arriendo, SANTA BARBARA ALTA, Bogotá D.C.",$14.000.000,230,3,4,3,Apartamento en Arriendo,SANTA BARBARA ALTA,Bogotá D.C. Foto de Apartamento en Arriendo en SANTA BARBARA ALTA
https://www.metrocuadrado.com/inmueble/arriendo-apartaestudio-bogota-chico-norte-et-ii-1-habitaciones-1-banos/22377-M6556614?src_url=%2Farriendo%2F%3Fsearch%3Dform,"Destacado CHICO NORTE | Norte | Bogotá D.C. $2.950.000 Apartaestudio en Arriendo, CHICO NORTE, Bogotá D.C.",$2.950.000,30,1,1,,Apartaestudio en Arriendo,CHICO NORTE,Bogotá D.C. Foto de Apartaestudio en Arriendo en CHICO NORTE
https://www.metrocuadrado.com/inmueble/arriendo-apartamento-bogota-los-rosales-3-habitaciones-5-banos-4-garajes/800-M6093502?src_url=%2Farriendo%2F%3Fsearch%3Dform,"LAS ROSALES | Norte | Bogotá D.C. $44.000.000 Apartamento en Arriendo, LAS ROSALES, Bogotá D.C.",$44.000.000,381,3,5,4,Apartamento en Arriendo,LAS ROSALES,Bogotá D.C. Foto de Apartamento en Arriendo en LAS ROSALES
https://www.metrocuadrado.com/inmueble/arriendo-casa-bogota-santa-ana-oriental-4-habitaciones-5-banos-3-garajes/990-M5751609?src_url=%2Farriendo%2F%3Fsearch%3Dform,"SANTA ANA ORIENTAL | Norte | Bogotá D.C. $25.000.000 Casa en Arriendo, SANTA ANA ORIENTAL, Bogotá D.C.",$25.000.000,400,4,5,3,Casa en Arriendo,SANTA ANA ORIENTAL,Bogotá D.C. Foto de Casa en Arriendo en SANTA ANA ORIENTAL
https://www.metrocuadrado.com/inmueble/arriendo-apartamento-bogota-chico-norte-3-habitaciones-3-banos-2-garajes/800-M6133841?src_url=%2Farriendo%2F%3Fsearch%3Dform,"CHICO NORTE | Norte | Bogotá D.C. $11.000.000 Apartamento en Arriendo, CHICO NORTE, Bogotá D.C.",$11.000.000,150,3,3,2,Apartamento en Arriendo,CHICO NORTE,Bogotá D.C. Foto de Apartamento en Arriendo en CHICO NORTE
https://www.metrocuadrado.com/inmueble/arriendo-apartamento-bogota-chico-norte-et-ii-3-habitaciones-4-banos-3-garajes/800-M6042592?src_url=%2Farriendo%2F%3Fsearch%3Dform,"CHICO NORTE II | Norte | Bogotá D.C. $26.000.000 Apartamento en Arriendo, CHICO NORTE II, Bogotá D.C.",$26.000.000,248,3,4,3,Apartamento en Arriendo,CHICO NORTE II,Bogotá D.C. Foto de Apartamento en Arriendo en CHICO NORTE II
https://www.metrocuadrado.com/inmueble/arriendo-apartamento-bogota-ub-cordoba-niza-4-habitaciones-3-banos-2-garajes/21165-M6938815?src_url=%2Farriendo%2F%3Fsearch%3Dform,"PROVENZA CAMPESTRE | Noroccidente | Bogotá D.C. $4.900.000 Apartamento en Arriendo, PROVENZA CAMPESTRE, Bogotá D.C.",$4.900.000,110,4,3,2,Apartamento en Arriendo,PROVENZA CAMPESTRE,Bogotá D.C. Foto de Apartamento en Arriendo en PROVENZA CAMPESTRE
https://www.metrocuadrado.com/inmueble/arriendo-apartamento-bogota-el-refugio-3-habitaciones-3-banos-2-garajes/800-M6039191?src_url=%2Farriendo%2F%3Fsearch%3Dform,"EL REFUGIO | Norte | Bogotá D.C. $7.800.000 Apartamento en Arriendo, EL REFUGIO, Bogotá D.C.",$7.800.000,130,3,3,2,Apartamento en Arriendo,EL REFUGIO,Bogotá D.C. Foto de Apartamento en Arriendo en EL REFUGIO
https://www.metrocuadrado.com/inmueble/arriendo-casa-bogota-usaquen-5-habitaciones-5-banos-4-garajes/16110-M6380034?src_url=%2Farriendo%2F%3Fsearch%3Dform,"Usaquen | Bogotá D.C. $14.000.000 Casa en Arriendo, Usaquen, Bogotá D.C.",$14.000.000,493,5,5,4,Casa en Arriendo,Usaquen,Bogotá D.C. Foto de Casa en Arriendo en Usaquen
https://www.metrocuadrado.com/inmueble/arriendo-apartamento-bogota-gratamira-3-habitaciones-3-banos-3-garajes/16913-M6020289?src_url=%2Farriendo%2F%3Fsearch%3Dform,"Gratamira | Bogotá D.C. $7.350.000 Apartamento en Arriendo, Gratamira, Bogotá D.C.",$7.350.000,146,3,3,3,Apartamento en Arriendo,Gratamira,Bogotá D.C. Foto de Apartamento en Arriendo en Gratamira
https://www.metrocuadrado.com/inmueble/arriendo-apartamento-santa-marta-las-margaritas-1-habitaciones-1-banos-1-garajes/883-M7078179?src_url=%2Farriendo%2F%3Fsearch%3Dform,"Sazue | Rodadero y Gaira | Santa Marta $4.000.000 Apartamento en Arriendo, Sazue, Santa Marta",$4.000.000,36,1,1,1,Apartamento en Arriendo,Sazue,Santa Marta Foto de Apartamento en Arriendo en Sazue
https://www.metrocuadrado.com/inmueble/arriendo-apartamento-bogota-sabanalarga-3-habitaciones-4-banos-2-garajes/3395-M6081817?src_url=%2Farriendo%2F%3Fsearch%3Dform,"LA CAROLINA COUNTRY | Norte | Bogotá D.C. $9.800.000 Apartamento en Arriendo, LA CAROLINA COUNTRY, Bogotá D.C.",$9.800.000,190,3,4,2,Apartamento en Arriendo,LA CAROLINA COUNTRY,Bogotá D.C. Foto de Apartamento en Arriendo en LA CAROLINA COUNTRY
https://www.metrocuadrado.com/inmueble/arriendo-apartamento-bogota-el-nogal-4-habitaciones-4-banos-3-garajes/22288-M6974003?src_url=%2Farriendo%2F%3Fsearch%3Dform,"EL NOGAL | Norte | Bogotá D.C. $8.000.000 Apartamento en Arriendo, EL NOGAL, Bogotá D.C.",$8.000.000,230,4,4,3,Apartamento en Arriendo,EL NOGAL,Bogotá D.C. Foto de Apartamento en Arriendo en EL NOGAL
https://www.metrocuadrado.com/inmueble/arriendo-casa-bogota-na-4-habitaciones-4-banos-4-garajes/14356-M6519846?src_url=%2Farriendo%2F%3Fsearch%3Dform,"Guaymaral | Bogotá D.C. $10.000.000 Casa en Arriendo, Guaymaral, Bogotá D.C.",$10.000.000,3200,4,4,4,Casa en Arriendo,Guaymaral,Bogotá D.C. Foto de Casa en Arriendo en Guaymaral
https://www.metrocuadrado.com/inmueble/venta-casa-bogota-los-andes-norte-5-habitaciones-5-banos-2-garajes/4830-M2711134?src_url=%2Farriendo%2F%3Fsearch%3Dform,"LOS ANDES NORTE | Noroccidente | Bogotá D.C. $2.800.000.000 Casa en Venta y Arriendo, LOS ANDES NORTE, Bogotá D.C.",$2.800.000.000,300,5,5,2,Casa en Arriendo,,
https://www.metrocuadrado.com/inmueble/arriendo-apartamento-bogota-ub-hacienda-cordoba-niza-3-habitaciones-3-banos-2-garajes/17286-M7059982?src_url=%2Farriendo%2F%3Fsearch%3Dform,"NIZA CORDOBA | Noroccidente | Bogotá D.C. $5.000.000 Apartamento en Arriendo, NIZA CORDOBA, Bogotá D.C.",$5.000.000,125,3,3,2,Apartamento en Arriendo,NIZA CORDOBA,Bogotá D.C. Foto de Apartamento en Arriendo en NIZA CORDOBA
https://www.metrocuadrado.com/inmueble/arriendo-oficina-bogota-samper-mendoza-5-banos-4-garajes/848-M4896577?src_url=%2Farriendo%2F%3Fsearch%3Dform,"COLSEGUROS | Centro | Bogotá D.C. $279.210.294 Oficina en Arriendo, COLSEGUROS, Bogotá D.C.",$279.210.294,4701.51,,5,4,,COLSEGUROS,Bogotá D.C. Foto de Oficina en Arriendo en COLSEGUROS
https://www.metrocuadrado.com/inmueble/arriendo-apartaestudio-bogota-chico-norte-1-habitaciones-2-banos-2-garajes/14255-M6718714?src_url=%2Farriendo%2F%3Fsearch%3Dform,"CHICO RESERVADO | Norte | Bogotá D.C. $7.000.000 Apartaestudio en Arriendo, CHICO RESERVADO, Bogotá D.C.",$7.000.000,69,1,2,2,Apartaestudio en Arriendo,CHICO RESERVADO,Bogotá D.C. Foto de Apartaestudio en Arriendo en CHICO RESERVADO
https://www.metrocuadrado.com/inmueble/arriendo-apartamento-bogota-prados-de-la-calleja-3-habitaciones-2-banos-2-garajes/11569-M7052150?src_url=%2Farriendo%2F%3Fsearch%3Dform,"LA CALLEJA | Norte | Bogotá D.C. $6.000.000 Apartamento en Arriendo, LA CALLEJA, Bogotá D.C.",$6.000.000,114,3,2,2,Apartamento en Arriendo,LA CALLEJA,Bogotá D.C. Foto de Apartamento en Arriendo en LA CALLEJA
https://www.metrocuadrado.com/inmueble/arriendo-casa-cajica-vda-chuntame-4-habitaciones-5-banos-4-garajes/3155-M6418174?src_url=%2Farriendo%2F%3Fsearch%3Dform,"CONDOMINIO VILLA LOS PINOS | Otros | Cajicá $7.500.000 Casa en Arriendo, CONDOMINIO VILLA LOS PINOS, Cajicá",$7.500.000,336,4,5,4,Casa en Arriendo,CONDOMINIO VILLA LOS PINOS,Cajicá Foto de Casa en Arriendo en CONDOMINIO VILLA LOS PINOS
https://www.metrocuadrado.com/inmueble/arriendo-casa-cajica-vda-chuntame-4-habitaciones-5-banos-4-garajes/3155-M6976731?src_url=%2Farriendo%2F%3Fsearch%3Dform,"CONDOMINIO VILLA LOS PINOS | Otros | Cajicá $7.000.000 Casa en Arriendo, CONDOMINIO VILLA LOS PINOS, Cajicá",$7.000.000,200,4,5,4,Casa en Arriendo,CONDOMINIO VILLA LOS PINOS,Cajicá Foto de Casa en Arriendo en CONDOMINIO VILLA LOS PINOS
https://www.metrocuadrado.com/inmueble/arriendo-apartamento-bogota-chico-3-habitaciones-4-banos-3-garajes/800-M5853149?src_url=%2Farriendo%2F%3Fsearch%3Dform,"CABRERA | Norte | Bogotá D.C. $16.000.000 Apartamento en Arriendo, CABRERA, Bogotá D.C.",$16.000.000,220,3,4,3,Apartamento en Arriendo,CABRERA,Bogotá D.C. Foto de Apartamento en Arriendo en CABRERA
https://www.metrocuadrado.com/inmueble/arriendo-casa-cajica-condominio-el-carreton-4-habitaciones-5-banos-4-garajes/3155-M6801733?src_url=%2Farriendo%2F%3Fsearch%3Dform,"CONDOMINIO EL CARRETON | Otros | Cajicá $9.100.000 Casa en Arriendo, CONDOMINIO EL CARRETON, Cajicá",$9.100.000,684,4,5,4,Casa en Arriendo,CONDOMINIO EL CARRETON,Cajicá Foto de Casa en Arriendo en CONDOMINIO EL CARRETON
https://www.metrocuadrado.com/inmueble/arriendo-casa-chia-cr-hacienda-fontanar-el-nogal-4-habitaciones-5-banos-4-garajes/11294-M6890134?src_url=%2Farriendo%2F%3Fsearch%3Dform,"Fontanar | Otros | Chía $16.900.000 Casa en Arriendo, Fontanar, Chía",$16.900.000,252,4,5,4,Casa en Arriendo,Fontanar,Chía Foto de Casa en Arriendo en Fontanar
https://www.metrocuadrado.com/inmueble/arriendo-casa-chia-cr-hacienda-fontanar-el-nogal-3-habitaciones-4-banos-3-garajes/873-M6134392?src_url=%2Farriendo%2F%3Fsearch%3Dform,"Hacienda fontanar | Otros | Chía $8.700.000 Casa en Arriendo, Hacienda fontanar, Chía",$8.700.000,230,3,4,3,Casa en Arriendo,Hacienda fontanar,Chía Foto de Casa en Arriendo en Hacienda fontanar
https://www.metrocuadrado.com/inmueble/arriendo-apartamento-bogota-molinos-norte-3-habitaciones-3-banos-2-garajes/20564-M6883345?src_url=%2Farriendo%2F%3Fsearch%3Dform,"SANTA PAULA | Norte | Bogotá D.C. Con accesibilidad $6.880.000 Apartamento en Arriendo, SANTA PAULA, Bogotá D.C.",$6.880.000,110,3,3,2,Apartamento en Arriendo,SANTA PAULA,Bogotá D.C. Foto de Apartamento en Arriendo en SANTA PAULA
https://www.metrocuadrado.com/inmueble/arriendo-apartamento-bogota-santa-bibiana-4-habitaciones-4-banos-2-garajes/14121-M7078447?src_url=%2Farriendo%2F%3Fsearch%3Dform,"CHICO NAVARRA CHICO | Norte | Bogotá D.C. $8.500.000 Apartamento en Arriendo, CHICO NAVARRA CHICO, Bogotá D.C.",$8.500.000,161,4,4,2,Apartamento en Arriendo,CHICO NAVARRA CHICO,Bogotá D.C. Foto de Apartamento en Arriendo en CHICO NAVARRA CHICO
https://www.metrocuadrado.com/inmueble/arriendo-apartaestudio-bogota-bella-suiza-1-habitaciones-2-banos-1-garajes/22265-M6972913?src_url=%2Farriendo%2F%3Fsearch%3Dform,"BELLA SUIZA | Otros | Bogotá D.C. $3.450.000 Apartaestudio en Arriendo, BELLA SUIZA, Bogotá D.C.",$3.450.000,60,1,2,1,Apartaestudio en Arriendo,BELLA SUIZA,Bogotá D.C. Foto de Apartaestudio en Arriendo en BELLA SUIZA
https://www.metrocuadrado.com/inmueble/arriendo-apartaestudio-cali-santa-monica-1-habitaciones-1-banos-1-garajes/14990-M6978277?src_url=%2Farriendo%2F%3Fsearch%3Dform,"SANTA MONICA CHIPICHAPE | Oeste | Cali $1.750.000 Apartaestudio en Arriendo, SANTA MONICA CHIPICHAPE, Cali",$1.750.000,31,1,1,1,Apartaestudio en Arriendo,SANTA MONICA CHIPICHAPE,Cali Foto de Apartaestudio en Arriendo en SANTA MONICA CHIPICHAPE
https://www.metrocuadrado.com/inmueble/arriendo-apartamento-bogota-2-habitaciones-1-banos-1-garajes/18775-M6881580?src_url=%2Farriendo%2F%3Fsearch%3Dform,"TORCA | Guaymaral | Bogotá D.C. $1.600.000 Apartamento en Arriendo, TORCA, Bogotá D.C.",$1.600.000,45,2,1,1,Apartamento en Arriendo,TORCA,Bogotá D.C. Foto de Apartamento en Arriendo en TORCA
https://www.metrocuadrado.com/inmueble/arriendo-casa-la-calera-3-habitaciones-4-banos-4-garajes/18235-M6627398?src_url=%2Farriendo%2F%3Fsearch%3Dform,"Valle Alto de La Pradera | Otros | La Calera $13.000.000 Casa en Arriendo, Valle Alto de La Pradera, La Calera",$13.000.000,350,3,4,4,Casa en Arriendo,Valle Alto de La Pradera,La Calera Foto de Casa en Arriendo en Valle Alto de La Pradera
https://www.metrocuadrado.com/inmueble/arriendo-apartamento-bogota-quinta-paredes-2-habitaciones-2-banos-1-garajes/MC7076248?src_url=%2Farriendo%2F%3Fsearch%3Dform,"QUINTA PAREDES Zona Urbana | Occidental | Bogotá D.C. $3.000.000 Apartamento en Arriendo, QUINTA PAREDES Zona Urbana, Bogotá D.C.",$3.000.000,69.6,2,2,1,Apartamento en Arriendo,QUINTA PAREDES Zona Urbana,Bogotá D.C. Foto de Apartamento en Arriendo en QUINTA PAREDES Zona Urbana
https://www.metrocuadrado.com/inmueble/arriendo-apartamento-cartagena-de-indias-crespo-2-habitaciones-2-banos-1-garajes/MC7003444?src_url=%2Farriendo%2F%3Fsearch%3Dform,"SERENA DEL MAR Centro Amurallado | Zona Norte | Cartagena de Indias $3.600.000 Apartamento en Arriendo, SERENA DEL MAR Centro Amurallado, Cartagena de Indias",$3.600.000,77,2,2,1,Apartamento en Arriendo,SERENA DEL MAR Centro Amurallado,Cartagena de Indias Foto de Apartamento en Arriendo en SERENA DEL MAR Centro Amurallado
https://www.metrocuadrado.com/inmueble/arriendo-apartamento-bogota-el-batan-4-habitaciones-4-banos-2-garajes/MC6753135?src_url=%2Farriendo%2F%3Fsearch%3Dform,"EL BATAN Santa Bárbara | Noroccidente | Bogotá D.C. $4.200.000 Apartamento en Arriendo, EL BATAN Santa Bárbara, Bogotá D.C.",$4.200.000,140,4,4,2,Apartamento en Arriendo,EL BATAN Santa Bárbara,Bogotá D.C. Foto de Apartamento en Arriendo en EL BATAN Santa Bárbara
https://www.metrocuadrado.com/inmueble/arriendo-apartamento-cali-urbanizacion-calimio-1-habitaciones-1-banos-1-garajes/MC5659236?src_url=%2Farriendo%2F%3Fsearch%3Dform,"URBANIZACION CALIMIO NORTE | Oriente | Cali $459.000 Apartamento en Arriendo, URBANIZACION CALIMIO NORTE, Cali",$459.000,50,1,1,1,Apartamento en Arriendo,URBANIZACION CALIMIO NORTE,Cali Foto de Apartamento en Arriendo en URBANIZACION CALIMIO NORTE
https://www.metrocuadrado.com/inmueble/arriendo-bodega-armenia-miraflores/20625-M7049894?src_url=%2Farriendo%2F%3Fsearch%3Dform,"Destacado ANTONIO NARIÑO | Sur y Alrededores al Aeropuerto | Armenia $20.000.000 Bodega en Arriendo, ANTONIO NARIÑO, Armenia",$20.000.000,1000,,,,,ANTONIO NARIÑO,Armenia Foto de Bodega en Arriendo en ANTONIO NARIÑO
https://www.metrocuadrado.com/inmueble/arriendo-apartamento-rionegro-llanogrande-2-habitaciones-2-banos-1-garajes/20765-M6051379?src_url=%2Farriendo%2F%3Fsearch%3Dform,"Destacado Llanogrande | Rionegro $6.200.000 Apartamento en Arriendo, Llanogrande, Rionegro",$6.200.000,110,2,2,1,Apartamento en Arriendo,Llanogrande,Rionegro Foto de Apartamento en Arriendo en Llanogrande
https://www.metrocuadrado.com/inmueble/arriendo-apartamento-ibague-cr-altagracia-3-habitaciones-2-banos-1-garajes/20844-M6991155?src_url=%2Farriendo%2F%3Fsearch%3Dform,"Destacado Florida Fortezza IV | Otros | Ibagué $1.600.000 Apartamento en Arriendo, Florida Fortezza IV, Ibagué",$1.600.000,62,3,2,1,Apartamento en Arriendo,Florida Fortezza IV,Ibagué Foto de Apartamento en Arriendo en Florida Fortezza IV
https://www.metrocuadrado.com/inmueble/arriendo-casa-cali-parcelacion-chorro-de-plata-sur-4-habitaciones-5-banos-4-garajes/MC7073865?src_url=%2Farriendo%2F%3Fsearch%3Dform,"PARCELACION CHORRO DE PLATA Sur | Otros | Cali $8.850.000 Casa en Arriendo, PARCELACION CHORRO DE PLATA Sur, Cali",$8.850.000,1000,4,5,4,Casa en Arriendo,PARCELACION CHORRO DE PLATA Sur,Cali Foto de Casa en Arriendo en PARCELACION CHORRO DE PLATA Sur
https://www.metrocuadrado.com/inmueble/arriendo-apartamento-bogota-chico-norte-et-ii-3-habitaciones-4-banos-1-garajes/19914-M6979022?src_url=%2Farriendo%2F%3Fsearch%3Dform,"CHICO NORTE II | Norte | Bogotá D.C. $4.500.000 Apartamento en Arriendo, CHICO NORTE II, Bogotá D.C.",$4.500.000,113.15,3,4,1,Apartamento en Arriendo,CHICO NORTE II,Bogotá D.C. Foto de Apartamento en Arriendo en CHICO NORTE II
https://www.metrocuadrado.com/inmueble/arriendo-bodega-sabaneta-ancon-sur/16642-M7077723?src_url=%2Farriendo%2F%3Fsearch%3Dform,"Otros | Sabaneta $23.950.000 Bodega en Arriendo, Sabaneta",$23.950.000,600,,,,,Sabaneta Foto de Bodega en Arriendo en ANCON SUR,Sabaneta con área 600 m2 - 16642-M7077723
https://www.metrocuadrado.com/inmueble/arriendo-casa-medellin-la-gloria-4-habitaciones-2-banos-1-garajes/MC7077236?src_url=%2Farriendo%2F%3Fsearch%3Dform,"BELEN LA NUBIA Suroccidente | Suroccidente | Medellín $4.500.000 Casa en Arriendo, BELEN LA NUBIA Suroccidente, Medellín",$4.500.000,100,4,2,1,Casa en Arriendo,BELEN LA NUBIA Suroccidente,Medellín Foto de Casa en Arriendo en BELEN LA NUBIA Suroccidente
https://www.metrocuadrado.com/inmueble/arriendo-apartamento-bogota-santa-barbara-occidental-2-habitaciones-2-banos-1-garajes/MC6890558?src_url=%2Farriendo%2F%3Fsearch%3Dform,"SANTA BARBARA OCCIDENTAL Zona Urbana | Norte | Bogotá D.C. $3.900.000 Apartamento en Arriendo, SANTA BARBARA OCCIDENTAL Zona Urbana, Bogotá D.C.",$3.900.000,50,2,2,1,Apartamento en Arriendo,SANTA BARBARA OCCIDENTAL Zona Urbana,Bogotá D.C. Foto de Apartamento en Arriendo en SANTA BARBARA OCCIDENTAL Zona Urbana
https://www.metrocuadrado.com/inmueble/arriendo-apartamento-bogota-pardo-rubio-1-habitaciones-1-banos/MC7062776?src_url=%2Farriendo%2F%3Fsearch%3Dform,"CHAPINERO Zona Urbana | Chapinero | Bogotá D.C. $2.000.000 Apartamento en Arriendo, CHAPINERO Zona Urbana, Bogotá D.C.",$2.000.000,31,1,1,,Apartamento en Arriendo,CHAPINERO Zona Urbana,Bogotá D.C. Foto de Apartamento en Arriendo en CHAPINERO Zona Urbana
https://www.metrocuadrado.com/inmueble/arriendo-oficina-bogota-north-point-iii-cedritos-2-banos-3-garajes/MC6705364?src_url=%2Farriendo%2F%3Fsearch%3Dform,"NORTH POINT III Cedritos | Norte | Bogotá D.C. $8.200.000 Oficina en Arriendo, NORTH POINT III Cedritos, Bogotá D.C.",$8.200.000,137,,2,3,,NORTH POINT III Cedritos,Bogotá D.C. Foto de Oficina en Arriendo en NORTH POINT III Cedritos
https://www.metrocuadrado.com/inmueble/arriendo-local-comercial-bogota-villa-elisa-2-banos/MC7057320?src_url=%2Farriendo%2F%3Fsearch%3Dform,"SUBA VILLA ELISA Altos de Suba y Cerros de San Jorge | Noroccidente | Bogotá D.C. $15.000.000 Local Comercial en Arriendo, SUBA VILLA ELISA Altos de Suba y Cerros de San Jorge, Bogotá D.C.",$15.000.000,247,,2,,,SUBA VILLA ELISA Altos de Suba y Cerros de San Jorge,Bogotá D.C. Foto de Local Comercial en Arriendo en SUBA VILLA ELISA Altos de Suba y Cerros de San Jorge
https://www.metrocuadrado.com/inmueble/arriendo-apartamento-medellin-los-balsos-3-habitaciones-2-banos-2-garajes/4660-M7030356?src_url=%2Farriendo%2F%3Fsearch%3Dform,"Los Balsos | Medellín Bajó de precio $6.200.000 Apartamento en Arriendo, Los Balsos, Medellín",$6.200.000,117,3,2,2,Apartamento en Arriendo,Los Balsos,Medellín Foto de Apartamento en Arriendo en Los Balsos
https://www.metrocuadrado.com/inmueble/arriendo-apartamento-medellin-asomadera-no.-1-3-habitaciones-2-banos-1-garajes/MC6617852?src_url=%2Farriendo%2F%3Fsearch%3Dform,"El Poblado las Palmas | Nororiente | Medellín $5.000.000 Apartamento en Arriendo, El Poblado las Palmas, Medellín",$5.000.000,95,3,2,1,Apartamento en Arriendo,El Poblado las Palmas,Medellín Foto de Apartamento en Arriendo en El Poblado las Palmas
https://www.metrocuadrado.com/inmueble/arriendo-apartamento-bogota-granada-norte-2-habitaciones-2-banos-1-garajes/MC2307922?src_url=%2Farriendo%2F%3Fsearch%3Dform,"SAN CIPRIANO 170 y Alredores | Noroccidente | Bogotá D.C. $1.950.000 Apartamento en Arriendo, SAN CIPRIANO 170 y Alredores, Bogotá D.C.",$1.950.000,42,2,2,1,Apartamento en Arriendo,SAN CIPRIANO 170 y Alredores,Bogotá D.C. Foto de Apartamento en Arriendo en SAN CIPRIANO 170 y Alredores
https://www.metrocuadrado.com/inmueble/arriendo-apartamento-medellin-el-poblado-2-habitaciones-2-banos-1-garajes/4334-M6928471?src_url=%2Farriendo%2F%3Fsearch%3Dform,"El Poblado | Medellín $3.500.000 Apartamento en Arriendo, El Poblado, Medellín",$3.500.000,100,2,2,1,Apartamento en Arriendo,El Poblado,Medellín Foto de Apartamento en Arriendo en El Poblado
https://www.metrocuadrado.com/inmueble/arriendo-apartaestudio-medellin-la-frontera-1-habitaciones-2-banos-1-garajes/4334-M6761944?src_url=%2Farriendo%2F%3Fsearch%3Dform,"La Frontera | Medellín $3.300.000 Apartaestudio en Arriendo, La Frontera, Medellín",$3.300.000,75,1,2,1,Apartaestudio en Arriendo,La Frontera,Medellín Foto de Apartaestudio en Arriendo en La Frontera
https://www.metrocuadrado.com/inmueble/arriendo-apartamento-pereira-galicia-2-habitaciones-2-banos-1-garajes/23036-M6862685?src_url=%2Farriendo%2F%3Fsearch%3Dform,"Galicia | Pereira $2.200.000 Apartamento en Arriendo, Galicia, Pereira",$2.200.000,65,2,2,1,Apartamento en Arriendo,Galicia,Pereira Foto de Apartamento en Arriendo en Galicia
https://www.metrocuadrado.com/inmueble/arriendo-apartaestudio-bogota-antiguo-country-1-habitaciones-2-banos/11203-M6615637?src_url=%2Farriendo%2F%3Fsearch%3Dform,"PARQUE DEL VIRREY | Norte | Bogotá D.C. $3.630.000 Apartaestudio en Arriendo, PARQUE DEL VIRREY, Bogotá D.C.",$3.630.000,52,1,2,,Apartaestudio en Arriendo,PARQUE DEL VIRREY,Bogotá D.C. Foto de Apartaestudio en Arriendo en PARQUE DEL VIRREY
https://www.metrocuadrado.com/inmueble/arriendo-apartamento-mosquera-sol-creciente-3-habitaciones-3-banos-2-garajes/10159-M7078274?src_url=%2Farriendo%2F%3Fsearch%3Dform,"Sol Creciente | Mosquera $3.000.000 Apartamento en Arriendo, Sol Creciente, Mosquera",$3.000.000,97,3,3,2,Apartamento en Arriendo,Sol Creciente,Mosquera Foto de Apartamento en Arriendo en Sol Creciente
https://www.metrocuadrado.com/inmueble/arriendo-apartamento-barranquilla-conjunto-residencial-turpial-2-habitaciones-2-banos-1-garajes/22850-M6695124?src_url=%2Farriendo%2F%3Fsearch%3Dform,"ALAMEDA DEL RIO | Noroccidente | Barranquilla $1.400.000 Apartamento en Arriendo, ALAMEDA DEL RIO, Barranquilla",$1.400.000,56,2,2,1,Apartamento en Arriendo,ALAMEDA DEL RIO,Barranquilla Foto de Apartamento en Arriendo en ALAMEDA DEL RIO
https://www.metrocuadrado.com/inmueble/arriendo-casa-cali-cnd.-pance-campestre-3-habitaciones-5-banos-4-garajes/16395-M4881055?src_url=%2Farriendo%2F%3Fsearch%3Dform,"ALAMEDA PANCE | Sur | Cali $12.500.000 Casa en Arriendo, ALAMEDA PANCE, Cali",$12.500.000,500,3,5,4,Casa en Arriendo,ALAMEDA PANCE,Cali Foto de Casa en Arriendo en ALAMEDA PANCE
https://www.metrocuadrado.com/inmueble/arriendo-apartamento-bogota-santa-bibiana-3-habitaciones-3-banos-2-garajes/2162-M6806541?src_url=%2Farriendo%2F%3Fsearch%3Dform,"CHICO NAVARRA | Norte | Bogotá D.C. $7.900.000 Apartamento en Arriendo, CHICO NAVARRA, Bogotá D.C.",$7.900.000,23,3,3,2,Apartamento en Arriendo,CHICO NAVARRA,Bogotá D.C. Foto de Apartamento en Arriendo en CHICO NAVARRA
https://www.metrocuadrado.com/inmueble/arriendo-casa-chia-san-jacinto-chia-cundinamarca-4-habitaciones-5-banos-4-garajes/17003-M7067245?src_url=%2Farriendo%2F%3Fsearch%3Dform,"San Jacinto Chia Cundinamarca | Chía $17.000.000 Casa en Arriendo, San Jacinto Chia Cundinamarca, Chía",$17.000.000,1609,4,5,4,Casa en Arriendo,San Jacinto Chia Cundinamarca,Chía Foto de Casa en Arriendo en San Jacinto Chia Cundinamarca
https://www.metrocuadrado.com/inmueble/arriendo-apartamento-bogota-na-3-habitaciones-4-banos-3-garajes/3858-M7078573?src_url=%2Farriendo%2F%3Fsearch%3Dform,"Chico | Bogotá D.C. $11.500.000 Apartamento en Arriendo, Chico, Bogotá D.C.",$11.500.000,230,3,4,3,Apartamento en Arriendo,Chico,Bogotá D.C. Foto de Apartamento en Arriendo en Chico
https://www.metrocuadrado.com/inmueble/arriendo-apartamento-santa-marta-pozos-colorado-3-habitaciones-2-banos-1-garajes/10860-M4725032?src_url=%2Farriendo%2F%3Fsearch%3Dform,"BAHIA POZOS COLORADOS | Rodadero y Gaira | Santa Marta $480.000 Apartamento en Arriendo, BAHIA POZOS COLORADOS, Santa Marta",$480.000,87,3,2,1,Apartamento en Arriendo,BAHIA POZOS COLORADOS,Santa Marta Foto de Apartamento en Arriendo en BAHIA POZOS COLORADOS
https://www.metrocuadrado.com/inmueble/arriendo-casa-medellin-4-habitaciones-4-banos-2-garajes/687-M7075409?src_url=%2Farriendo%2F%3Fsearch%3Dform,"EL POBLADO | Suroriente | Medellín $15.500.000 Casa en Arriendo, EL POBLADO, Medellín",$15.500.000,450,4,4,2,Casa en Arriendo,EL POBLADO,Medellín Foto de Casa en Arriendo en EL POBLADO
https://www.metrocuadrado.com/inmueble/arriendo-apartamento-bogota-los-rosales-3-habitaciones-4-banos-3-garajes/800-M6095422?src_url=%2Farriendo%2F%3Fsearch%3Dform,"LAS ROSALES | Norte | Bogotá D.C. $20.000.000 Apartamento en Arriendo, LAS ROSALES, Bogotá D.C.",$20.000.000,330,3,4,3,Apartamento en Arriendo,LAS ROSALES,Bogotá D.C. Foto de Apartamento en Arriendo en LAS ROSALES
https://www.metrocuadrado.com/inmueble/arriendo-apartamento-bogota-chico-norte-et-ii-3-habitaciones-3-banos-2-garajes/800-M6188649?src_url=%2Farriendo%2F%3Fsearch%3Dform,"CHICO NORTE | Norte | Bogotá D.C. $12.000.000 Apartamento en Arriendo, CHICO NORTE, Bogotá D.C.",$12.000.000,150,3,3,2,Apartamento en Arriendo,CHICO NORTE,Bogotá D.C. Foto de Apartamento en Arriendo en CHICO NORTE
https://www.metrocuadrado.com/inmueble/arriendo-apartamento-bogota-3-habitaciones-3-banos-3-garajes/800-M6090487?src_url=%2Farriendo%2F%3Fsearch%3Dform,"CHICO NORTE | Norte | Bogotá D.C. $12.900.000 Apartamento en Arriendo, CHICO NORTE, Bogotá D.C.",$12.900.000,174,3,3,3,Apartamento en Arriendo,CHICO NORTE,Bogotá D.C. Foto de Apartamento en Arriendo en CHICO NORTE
https://www.metrocuadrado.com/inmueble/arriendo-apartamento-bogota-la-cabrera-3-habitaciones-5-banos-3-garajes/800-M5804164?src_url=%2Farriendo%2F%3Fsearch%3Dform,"LA CABRERA | Norte | Bogotá D.C. $18.000.000 Apartamento en Arriendo, LA CABRERA, Bogotá D.C.",$18.000.000,220,3,5,3,Apartamento en Arriendo,LA CABRERA,Bogotá D.C. Foto de Apartamento en Arriendo en LA CABRERA
https://www.metrocuadrado.com/inmueble/arriendo-apartamento-bogota-la-cabrera-3-habitaciones-4-banos-3-garajes/800-M6139539?src_url=%2Farriendo%2F%3Fsearch%3Dform,"CHICO LA CABRERA | Norte | Bogotá D.C. $13.438.000 Apartamento en Arriendo, CHICO LA CABRERA, Bogotá D.C.",$13.438.000,136,3,4,3,Apartamento en Arriendo,CHICO LA CABRERA,Bogotá D.C. Foto de Apartamento en Arriendo en CHICO LA CABRERA
https://www.metrocuadrado.com/inmueble/arriendo-apartamento-bogota-lago-gaitan-2-habitaciones-2-banos-1-garajes/23602-M6922438?src_url=%2Farriendo%2F%3Fsearch%3Dform,"LAGO GAITAN | Norte | Bogotá D.C. $7.900.000 Apartamento en Arriendo, LAGO GAITAN, Bogotá D.C.",$7.900.000,100,2,2,1,Apartamento en Arriendo,LAGO GAITAN,Bogotá D.C. Foto de Apartamento en Arriendo en LAGO GAITAN
https://www.metrocuadrado.com/inmueble/venta-apartamento-bogota-santa-barbara-alta-3-habitaciones-5-banos-4-garajes/836-M2191965?src_url=%2Farriendo%2F%3Fsearch%3Dform,"SANTA BARBARA ALTA | Norte | Bogotá D.C. $4.000.000.000 Apartamento en Venta y Arriendo, SANTA BARBARA ALTA, Bogotá D.C.",$4.000.000.000,516,3,5,4,Apartamento en Arriendo,,
https://www.metrocuadrado.com/inmueble/arriendo-apartamento-bogota-chico-norte-et.-ii-3-habitaciones-5-banos-3-garajes/800-M5703513?src_url=%2Farriendo%2F%3Fsearch%3Dform,"CHICO RESERVADO | Norte | Bogotá D.C. $12.000.000 Apartamento en Arriendo, CHICO RESERVADO, Bogotá D.C.",$12.000.000,275,3,5,3,Apartamento en Arriendo,CHICO RESERVADO,Bogotá D.C. Foto de Apartamento en Arriendo en CHICO RESERVADO
https://www.metrocuadrado.com/inmueble/arriendo-apartaestudio-cajica-calahorra-1-habitaciones-1-banos-1-garajes/21222-M6161995?src_url=%2Farriendo%2F%3Fsearch%3Dform,"Destacado Conjunto Pietra Cajica | Otros | Cajicá Disponible ahora $1.860.000 Apartaestudio en Arriendo, Conjunto Pietra Cajica, Cajicá",$1.860.000,46,1,1,1,Apartaestudio en Arriendo,Conjunto Pietra Cajica,Cajicá Foto de Apartaestudio en Arriendo en Conjunto Pietra Cajica
https://www.metrocuadrado.com/inmueble/arriendo-apartamento-bogota-chico-2-habitaciones-3-banos-2-garajes/16285-M6983394?src_url=%2Farriendo%2F%3Fsearch%3Dform,"PARQUE DEL VIRREY | Norte | Bogotá D.C. $6.660.000 Apartamento en Arriendo, PARQUE DEL VIRREY, Bogotá D.C.",$6.660.000,101,2,3,2,Apartamento en Arriendo,PARQUE DEL VIRREY,Bogotá D.C. Foto de Apartamento en Arriendo en PARQUE DEL VIRREY
https://www.metrocuadrado.com/inmueble/arriendo-casa-cali-granada-3-habitaciones-5-banos-3-garajes/21430-M6924414?src_url=%2Farriendo%2F%3Fsearch%3Dform,"Destacado SANTA MONICA RESIDENCIAL | Oeste | Cali $6.500.000 Casa en Arriendo, SANTA MONICA RESIDENCIAL, Cali",$6.500.000,362.5,3,5,3,Casa en Arriendo,SANTA MONICA RESIDENCIAL,Cali Foto de Casa en Arriendo en SANTA MONICA RESIDENCIAL
https://www.metrocuadrado.com/inmueble/arriendo-casa-armenia-sec-centro-5-habitaciones-5-banos-4-garajes/20019-M6124696?src_url=%2Farriendo%2F%3Fsearch%3Dform,"Avenida 19 Norte | Sur y Alrededores al Aeropuerto | Armenia $5.500.000 Casa en Arriendo, Avenida 19 Norte, Armenia",$5.500.000,250,5,5,4,Casa en Arriendo,Avenida 19 Norte,Armenia Foto de Casa en Arriendo en Avenida 19 Norte
https://www.metrocuadrado.com/inmueble/arriendo-oficina-bogota-sagrado-corazon-5-banos-3-garajes/5161-M6713892?src_url=%2Farriendo%2F%3Fsearch%3Dform,"Chapinero | Bogotá D.C. $12.000.000 Oficina en Arriendo, Bogotá D.C.",$12.000.000,540,,5,3,,Bogotá D.C. Foto de Oficina en Arriendo en SAGRADO CORAZON,Bogotá D.C. con 5 baños
https://www.metrocuadrado.com/inmueble/arriendo-apartamento-bogota-el-retiro-3-habitaciones-3-banos-3-garajes/800-M5698334?src_url=%2Farriendo%2F%3Fsearch%3Dform,"EL RETIRO | Norte | Bogotá D.C. $10.000.000 Apartamento en Arriendo, EL RETIRO, Bogotá D.C.",$10.000.000,192,3,3,3,Apartamento en Arriendo,EL RETIRO,Bogotá D.C. Foto de Apartamento en Arriendo en EL RETIRO
https://www.metrocuadrado.com/inmueble/arriendo-casa-cota-incluye-siberia-vereda-parcelas-de-cota-3-habitaciones-5-banos-4-garajes/4660-M5007587?src_url=%2Farriendo%2F%3Fsearch%3Dform,"Vereda Parcelas De Cota | Cota (Incluye Siberia) $10.000.000 Casa en Arriendo, Vereda Parcelas De Cota, Cota (Incluye Siberia)",$10.000.000,232,3,5,4,Casa en Arriendo,Vereda Parcelas De Cota,Cota (Incluye Siberia) Foto de Casa en Arriendo en Vereda Parcelas De Cota
https://www.metrocuadrado.com/inmueble/arriendo-oficina-bogota-estoril-4-banos/2368-M5703787?src_url=%2Farriendo%2F%3Fsearch%3Dform,"Estoril | Noroccidente | Bogotá D.C. $6.000.000 Oficina en Arriendo, Estoril, Bogotá D.C.",$6.000.000,300,,4,,,Estoril,Bogotá D.C. Foto de Oficina en Arriendo en Estoril
https://www.metrocuadrado.com/inmueble/arriendo-apartamento-chia-bachue-2-habitaciones-2-banos/23943-M7064556?src_url=%2Farriendo%2F%3Fsearch%3Dform,"VALVERDE OLIVO | Otros | Chía $1.500.000 Apartamento en Arriendo, VALVERDE OLIVO, Chía",$1.500.000,42,2,2,,Apartamento en Arriendo,VALVERDE OLIVO,Chía Foto de Apartamento en Arriendo en VALVERDE OLIVO
https://www.metrocuadrado.com/inmueble/venta-casa-bogota-sucre-5-habitaciones-5-banos-4-garajes/4830-M2829165?src_url=%2Farriendo%2F%3Fsearch%3Dform,"JAVERIANA SUCRE | Chapinero | Bogotá D.C. $4.500.000.000.000 Casa en Venta y Arriendo, JAVERIANA SUCRE, Bogotá D.C.",$4.500.000.000.000,550,5,5,4,Casa en Arriendo,,
https://www.metrocuadrado.com/inmueble/arriendo-casa-bogota-santa-ana-oriental-5-habitaciones-5-banos-2-garajes/16146-M7063318?src_url=%2Farriendo%2F%3Fsearch%3Dform,"SANTA ANA ORIENTAL | Norte | Bogotá D.C. $22.000.000 Casa en Arriendo, SANTA ANA ORIENTAL, Bogotá D.C.",$22.000.000,550,5,5,2,Casa en Arriendo,SANTA ANA ORIENTAL,Bogotá D.C. Foto de Casa en Arriendo en SANTA ANA ORIENTAL
https://www.metrocuadrado.com/inmueble/arriendo-apartamento-cartagena-de-indias-zona-norte-2-habitaciones-2-banos-1-garajes/16124-M5174940?src_url=%2Farriendo%2F%3Fsearch%3Dform,"Zona Norte | Cartagena de Indias $4.500.000 Apartamento en Arriendo, Zona Norte, Cartagena de Indias",$4.500.000,80,2,2,1,Apartamento en Arriendo,Zona Norte,Cartagena de Indias Foto de Apartamento en Arriendo en Zona Norte
https://www.metrocuadrado.com/inmueble/arriendo-oficina-bogota-quinta-camacho-2-banos-3-garajes/848-M5190524?src_url=%2Farriendo%2F%3Fsearch%3Dform,"QUINTA CAMACHO | Chapinero | Bogotá D.C. $16.980.000 Oficina en Arriendo, QUINTA CAMACHO, Bogotá D.C.",$16.980.000,142,,2,3,,QUINTA CAMACHO,Bogotá D.C. Foto de Oficina en Arriendo en QUINTA CAMACHO
https://www.metrocuadrado.com/inmueble/arriendo-casa-cajica-chuntame-4-habitaciones-4-banos-4-garajes/2368-M6516079?src_url=%2Farriendo%2F%3Fsearch%3Dform,"Chuntame | Cajicá $5.100.000 Casa en Arriendo, Chuntame, Cajicá",$5.100.000,280,4,4,4,Casa en Arriendo,Chuntame,Cajicá Foto de Casa en Arriendo en Chuntame
https://www.metrocuadrado.com/inmueble/arriendo-apartamento-bogota-niza-4-habitaciones-5-banos-4-garajes/18942-M6871807?src_url=%2Farriendo%2F%3Fsearch%3Dform,"Niza | Bogotá D.C. $15.000.000 Apartamento en Arriendo, Niza, Bogotá D.C.",$15.000.000,615,4,5,4,Apartamento en Arriendo,Niza,Bogotá D.C. Foto de Apartamento en Arriendo en Niza
https://www.metrocuadrado.com/inmueble/arriendo-casa-bogota-chico-norte-et.-iii-5-habitaciones-5-banos-2-garajes/16649-M5044930?src_url=%2Farriendo%2F%3Fsearch%3Dform,"PARQUE EL CHICO | Norte | Bogotá D.C. $37.000.000 Casa en Arriendo, PARQUE EL CHICO, Bogotá D.C.",$37.000.000,860,5,5,2,Casa en Arriendo,PARQUE EL CHICO,Bogotá D.C. Foto de Casa en Arriendo en PARQUE EL CHICO
https://www.metrocuadrado.com/inmueble/arriendo-casa-sopo-incluye-yerbabuena-centro-3-habitaciones-3-banos-4-garajes/14335-M6718301?src_url=%2Farriendo%2F%3Fsearch%3Dform,"Centro | Sopo (Incluye Yerbabuena) $13.500.000 Casa en Arriendo, Centro, Sopo (Incluye Yerbabuena)",$13.500.000,320,3,3,4,Casa en Arriendo,Centro,Sopo (Incluye Yerbabuena) Foto de Casa en Arriendo en Centro
https://www.metrocuadrado.com/inmueble/arriendo-casa-chia-cr-hacienda-fontanar-alamo-4-habitaciones-3-banos-3-garajes/16447-M6795997?src_url=%2Farriendo%2F%3Fsearch%3Dform,"HACIENDA FONTANAR | Otros | Chía $7.900.000 Casa en Arriendo, HACIENDA FONTANAR, Chía",$7.900.000,163,4,3,3,Casa en Arriendo,HACIENDA FONTANAR,Chía Foto de Casa en Arriendo en HACIENDA FONTANAR
https://www.metrocuadrado.com/inmueble/arriendo-apartamento-bogota-chico-2-habitaciones-3-banos-3-garajes/800-M5852141?src_url=%2Farriendo%2F%3Fsearch%3Dform,"CHICO | Norte | Bogotá D.C. $15.000.000 Apartamento en Arriendo, CHICO, Bogotá D.C.",$15.000.000,125,2,3,3,Apartamento en Arriendo,CHICO,Bogotá D.C. Foto de Apartamento en Arriendo en CHICO
https://www.metrocuadrado.com/inmueble/arriendo-apartamento-bogota-el-nogal-2-habitaciones-3-banos-2-garajes/15920-M6896884?src_url=%2Farriendo%2F%3Fsearch%3Dform,"EL NOGAL | Norte | Bogotá D.C. $8.733.000 Apartamento en Arriendo, EL NOGAL, Bogotá D.C.",$8.733.000,95,2,3,2,Apartamento en Arriendo,EL NOGAL,Bogotá D.C. Foto de Apartamento en Arriendo en EL NOGAL
https://www.metrocuadrado.com/inmueble/arriendo-casa-bogota-casa-blanca-4-habitaciones-5-banos-4-garajes/533-M6946306?src_url=%2Farriendo%2F%3Fsearch%3Dform,"HACIENDA SAN SIMON | Guaymaral | Bogotá D.C. $16.000.000 Casa en Arriendo, HACIENDA SAN SIMON, Bogotá D.C.",$16.000.000,350,4,5,4,Casa en Arriendo,HACIENDA SAN SIMON,Bogotá D.C. Foto de Casa en Arriendo en HACIENDA SAN SIMON
https://www.metrocuadrado.com/inmueble/arriendo-apartamento-bogota-chico-2-habitaciones-3-banos-3-garajes/800-M5852336?src_url=%2Farriendo%2F%3Fsearch%3Dform,"CHICO | Norte | Bogotá D.C. $15.000.000 Apartamento en Arriendo, CHICO, Bogotá D.C.",$15.000.000,125,2,3,3,Apartamento en Arriendo,CHICO,Bogotá D.C. Foto de Apartamento en Arriendo en CHICO
https://www.metrocuadrado.com/inmueble/arriendo-apartamento-bogota-chico-2-habitaciones-3-banos-3-garajes/800-M5852232?src_url=%2Farriendo%2F%3Fsearch%3Dform,"CHICO | Norte | Bogotá D.C. $15.000.000 Apartamento en Arriendo, CHICO, Bogotá D.C.",$15.000.000,125,2,3,3,Apartamento en Arriendo,CHICO,Bogotá D.C. Foto de Apartamento en Arriendo en CHICO
https://www.metrocuadrado.com/inmueble/arriendo-apartaestudio-cali-chipichape-1-habitaciones-1-banos-1-garajes/14990-M6981002?src_url=%2Farriendo%2F%3Fsearch%3Dform,"SANTA MONICA CHIPICHAPE | Norte | Cali Para estrenar $1.750.000 Apartaestudio en Arriendo, SANTA MONICA CHIPICHAPE, Cali",$1.750.000,29,1,1,1,Apartaestudio en Arriendo,SANTA MONICA CHIPICHAPE,Cali Foto de Apartaestudio en Arriendo en SANTA MONICA CHIPICHAPE
https://www.metrocuadrado.com/inmueble/arriendo-apartaestudio-cali-chipichape-1-habitaciones-1-banos-1-garajes/14990-M6980977?src_url=%2Farriendo%2F%3Fsearch%3Dform,"Destacado CHIPICHAPE | Norte | Cali $1.750.000 Apartaestudio en Arriendo, CHIPICHAPE, Cali",$1.750.000,30,1,1,1,Apartaestudio en Arriendo,CHIPICHAPE,Cali Foto de Apartaestudio en Arriendo en CHIPICHAPE
https://www.metrocuadrado.com/inmueble/arriendo-apartamento-bogota-san-patricio-2-habitaciones-3-banos-2-garajes/726-M3989844?src_url=%2Farriendo%2F%3Fsearch%3Dform,"SAN PATRICIO USAQUEN | Norte | Bogotá D.C. $5.000.000 Apartamento en Arriendo, SAN PATRICIO USAQUEN, Bogotá D.C.",$5.000.000,86,2,3,2,Apartamento en Arriendo,SAN PATRICIO USAQUEN,Bogotá D.C. Foto de Apartamento en Arriendo en SAN PATRICIO USAQUEN
https://www.metrocuadrado.com/inmueble/arriendo-apartamento-bogota-el-porvenir-2-habitaciones-2-banos/19374-M7023211?src_url=%2Farriendo%2F%3Fsearch%3Dform,"EL CHANCO | Occidental | Bogotá D.C. $1.250.000 Apartamento en Arriendo, EL CHANCO, Bogotá D.C.",$1.250.000,48,2,2,,Apartamento en Arriendo,EL CHANCO,Bogotá D.C. Foto de Apartamento en Arriendo en EL CHANCO
https://www.metrocuadrado.com/inmueble/arriendo-casa-chia-na-3-habitaciones-4-banos-2-garajes/407-M6800418?src_url=%2Farriendo%2F%3Fsearch%3Dform,"Avd Chilacos | Chía $4.350.000 Casa en Arriendo, Avd Chilacos, Chía",$4.350.000,138,3,4,2,Casa en Arriendo,Avd Chilacos,Chía Foto de Casa en Arriendo en Avd Chilacos
https://www.metrocuadrado.com/inmueble/arriendo-apartamento-cali-chipichape-1-habitaciones-1-banos-1-garajes/14990-M6980836?src_url=%2Farriendo%2F%3Fsearch%3Dform,"SANTA MONICA CHIPICHAPE | Norte | Cali $1.750.000 Apartamento en Arriendo, SANTA MONICA CHIPICHAPE, Cali",$1.750.000,29,1,1,1,Apartamento en Arriendo,SANTA MONICA CHIPICHAPE,Cali Foto de Apartamento en Arriendo en SANTA MONICA CHIPICHAPE
https://www.metrocuadrado.com/inmueble/arriendo-apartamento-medellin-altos-del-poblado-2-habitaciones-3-banos-2-garajes/MC5802103?src_url=%2Farriendo%2F%3Fsearch%3Dform,"ALTOS DEL POBLADO Zona Urbana | Suroriente | Medellín $7.700.000 Apartamento en Arriendo, ALTOS DEL POBLADO Zona Urbana , Medellín",$7.700.000,105,2,3,2,Apartamento en Arriendo,ALTOS DEL POBLADO Zona Urbana,Medellín Foto de Apartamento en Arriendo en ALTOS DEL POBLADO Zona Urbana
https://www.metrocuadrado.com/inmueble/arriendo-apartamento-cartagena-de-indias-serena-del-mar-centro-amurallado-2-habitaciones-2-banos-1-garajes/MC7072800?src_url=%2Farriendo%2F%3Fsearch%3Dform,"SERENA DEL MAR Centro Amurallado | Otros | Cartagena de Indias $2.200.000 Apartamento en Arriendo, SERENA DEL MAR Centro Amurallado, Cartagena de Indias",$2.200.000,59,2,2,1,Apartamento en Arriendo,SERENA DEL MAR Centro Amurallado,Cartagena de Indias Foto de Apartamento en Arriendo en SERENA DEL MAR Centro Amurallado
https://www.metrocuadrado.com/inmueble/arriendo-apartamento-bogota-samper-1-habitaciones-2-banos-1-garajes/MC5318396?src_url=%2Farriendo%2F%3Fsearch%3Dform,"CENTRO INTERNACIONAL BAVARIA Centro y Zona Colonial | Centro | Bogotá D.C. $3.800.000 Apartamento en Arriendo, CENTRO INTERNACIONAL BAVARIA Centro y Zona Colonial, Bogotá D.C.",$3.800.000,65,1,2,1,Apartamento en Arriendo,CENTRO INTERNACIONAL BAVARIA Centro y Zona Colonial,Bogotá D.C. Foto de Apartamento en Arriendo en CENTRO INTERNACIONAL BAVARIA Centro y Zona Colonial
https://www.metrocuadrado.com/inmueble/arriendo-apartamento-cartagena-de-indias-crespo-2-habitaciones-2-banos-1-garajes/MC6973942?src_url=%2Farriendo%2F%3Fsearch%3Dform,"SERENA DEL MAR Centro Amurallado | Zona Norte | Cartagena de Indias $3.500.000 Apartamento en Arriendo, SERENA DEL MAR Centro Amurallado, Cartagena de Indias",$3.500.000,65,2,2,1,Apartamento en Arriendo,SERENA DEL MAR Centro Amurallado,Cartagena de Indias Foto de Apartamento en Arriendo en SERENA DEL MAR Centro Amurallado
